preprocessed_reviews,preprocessed_names,textblob_pred
product ship report within afewhour receipt one show inspect despit sever follow up replac refund horribl experi read ,redmi dual sea blue ram storag dual camera mah batteri ,3
damag productread ,samsung galaxi black ram storag cost emi addit exchang offer ,3
updat give chanc regret go ahead icon look great set spherlu icon theam look better dark mode even though mah alway leav phone charg go bed like see phone everi morn turn fast charg option affectbatterymonst batteri day batteri standbi normal amaload full hd superb batteri still look bulki noglass bodi care put back cover opinion dont spend money glass bodi use back camera camera pretti good front camera low light output low mani featur avail slow super slow video os ui one print reader face lock face lock finger print reader perform meant pubg gamer perfect heavi gamer lag ang hang till processor charg fast charg provid charger iy take hrs fulli reacharg accessori earphon back cover screenguard order backcov temper glass place order backbodi plastic amd prone speaker sound level low keep earphon verdict priceit best choic hardcor gamer read ,samsung galaxi midnight blue ram storag ,4
thank samsung amazon time rakshabandhan deliveri reader review unbias written test continu usag ppi great entri level backup awesom thank samsung r even go version cute without pdfs easi comfort eye atleast samsung gut say lag till dont need game regular even without go app nice face lock dont need good qualiti okay speaker music lover dowload music app equil sd card smart memori cleaner use smart manag set day smooth ram function rom support otg camera averag still expect samsung work front wan na beat chines gamer that expect buy ram base phone read print face lock miss manag indian take hour charg work hour call surf that bad issu chines phone lover habit charg play pubg overal buy phone specif must see integr longev overal nice secondari option primari featur phone switcher read ,samsung galaxi core black ram storag cost emi addit exchang offer ,3
brought phone wife die hard fan oppo offer like extra exchang oppo like waww exchang old oppo mobil got phone best phone u want oppo brand name u boar ur old oppo phone review consid good featur consid cost size matter inch speaker good come classic headphon good look decent sound qualiti phone day come quad camera give good qualiti selfi camera also decent consid cost use power bank origin cost huge consid featur good brand like mi vivo moto etc sell camera phone accessori like back cover temper glass yet market may u wait though transpar back cover includ mobil box phone use updat someth come read ,oppo dazzl white ram storag cost emi addit exchang offer ,4
best camera good batteri life eat bodi materi averag weight best perform best display read ,samsung galaxi ocean blue ram storag ,5
dont buy min game phone lag muchread ,redmi note pebbl grey ram storag quad camera full hd display month cost emi bfl ,2
product ship report within afewhour receipt one show inspect despit sever follow up replac refund horribl experi read ,redmi dual sea blue ram storag dual camera mah batteri ,3
product ship report within afewhour receipt one show inspect despit sever follow up replac refund horribl experi read ,redmi dual midnight grey ram storag dual camera mah batteri ,3
product ship report within afewhour receipt one show inspect despit sever follow up replac refund horribl experi read ,redmi dual sky white ram storag dual camera mah batteri ,3
updat give chanc regret go ahead icon look great set spherlu icon theam look better dark mode even though mah alway leav phone charg go bed like see phone everi morn turn fast charg option affectbatterymonst batteri day batteri standbi normal amaload full hd superb batteri still look bulki noglass bodi care put back cover opinion dont spend money glass bodi use back camera camera pretti good front camera low light output low mani featur avail slow super slow video os ui one print reader face lock face lock finger print reader perform meant pubg gamer perfect heavi gamer lag ang hang till processor charg fast charg provid charger iy take hrs fulli reacharg accessori earphon back cover screenguard order backcov temper glass place order backbodi plastic amd prone speaker sound level low keep earphon verdict priceit best choic hardcor gamer read ,samsung galaxi raven black ram storag ,4
plzz read complet inform buy amazonthey refund product got defect amazon worst provid servic option buy flipkart go dont wast time amazonregard mobileworst mobil ever seenbatteri charg time expect batteri draina problem therecamera stuck click pictur poor camera qualiti said mp like game lover plzz tri anoth mobil perform low told amazon custom care take product back help instead want go servic center situat red zone cant provid home visit technician life import custom custom get infect ok thank amazon servic hate amazon tiktok unistal app right also recommend friend relat buy anyth amazon worst read ,redmi note pro interstellar black ram storag latest snapdragon alexa hand free month cost emi ,2
thank samsung amazon time rakshabandhan deliveri reader review unbias written test continu usag ppi great entri level backup awesom thank samsung r even go version cute without pdfs easi comfort eye atleast samsung gut say lag till dont need game regular even without go app nice face lock dont need good qualiti okay speaker music lover dowload music app equil sd card smart memori cleaner use smart manag set day smooth ram function rom support otg camera averag still expect samsung work front wan na beat chines gamer that expect buy ram base phone read print face lock miss manag indian take hour charg work hour call surf that bad issu chines phone lover habit charg play pubg overal buy phone specif must see integr longev overal nice secondari option primari featur phone switcher read ,samsung galaxi core black ram storag cost emi addit exchang offer ,3
damag productread ,samsung galaxi blue ram storag cost emi addit exchang offer ,3
febula perform redmi note love first time parchas onlin amazon give full satisfact product thank amazon read ,redmi note neptun blue ram storag ,4
camera sound option camera averag qualiti set option less os good overal good phone read ,coolpad cool midnight blue ram storag ,4
updat give chanc regret go ahead icon look great set spherlu icon theam look better dark mode even though mah alway leav phone charg go bed like see phone everi morn turn fast charg option affectbatterymonst batteri day batteri standbi normal amaload full hd superb batteri still look bulki noglass bodi care put back cover opinion dont spend money glass bodi use back camera camera pretti good front camera low light output low mani featur avail slow super slow video os ui one print reader face lock face lock finger print reader perform meant pubg gamer perfect heavi gamer lag ang hang till processor charg fast charg provid charger iy take hrs fulli reacharg accessori earphon back cover screenguard order backcov temper glass place order backbodi plastic amd prone speaker sound level low keep earphon verdict priceit best choic hardcor gamer read ,samsung galaxi midnight blue ram storag ,4
product ship report within afewhour receipt one show inspect despit sever follow up replac refund horribl experi read ,redmi dual sea blue ram storag dual camera mah batteri ,3
damag productread ,samsung galaxi black ram storag cost emi addit exchang offer ,3
thank samsung amazon time rakshabandhan deliveri reader review unbias written test continu usag ppi great entri level backup awesom thank samsung r even go version cute without pdfs easi comfort eye atleast samsung gut say lag till dont need game regular even without go app nice face lock dont need good qualiti okay speaker music lover dowload music app equil sd card smart memori cleaner use smart manag set day smooth ram function rom support otg camera averag still expect samsung work front wan na beat chines gamer that expect buy ram base phone read print face lock miss manag indian take hour charg work hour call surf that bad issu chines phone lover habit charg play pubg overal buy phone specif must see integr longev overal nice secondari option primari featur phone switcher read ,samsung galaxi core black ram storag cost emi addit exchang offer ,3
best camera good batteri life eat bodi materi averag weight best perform best display read ,samsung galaxi ocean blue ram storag ,5
brought phone wife die hard fan oppo offer like extra exchang oppo like waww exchang old oppo mobil got phone best phone u want oppo brand name u boar ur old oppo phone review consid good featur consid cost size matter inch speaker good come classic headphon good look decent sound qualiti phone day come quad camera give good qualiti selfi camera also decent consid cost use power bank origin cost huge consid featur good brand like mi vivo moto etc sell camera phone accessori like back cover temper glass yet market may u wait though transpar back cover includ mobil box phone use updat someth come read ,oppo dazzl white ram storag cost emi addit exchang offer ,4
updat give chanc regret go ahead icon look great set spherlu icon theam look better dark mode even though mah alway leav phone charg go bed like see phone everi morn turn fast charg option affectbatterymonst batteri day batteri standbi normal amaload full hd superb batteri still look bulki noglass bodi care put back cover opinion dont spend money glass bodi use back camera camera pretti good front camera low light output low mani featur avail slow super slow video os ui one print reader face lock face lock finger print reader perform meant pubg gamer perfect heavi gamer lag ang hang till processor charg fast charg provid charger iy take hrs fulli reacharg accessori earphon back cover screenguard order backcov temper glass place order backbodi plastic amd prone speaker sound level low keep earphon verdict priceit best choic hardcor gamer read ,samsung galaxi raven black ram storag ,4
product ship report within afewhour receipt one show inspect despit sever follow up replac refund horribl experi read ,redmi dual midnight grey ram storag dual camera mah batteri ,3
product ship report within afewhour receipt one show inspect despit sever follow up replac refund horribl experi read ,redmi dual sea blue ram storag dual camera mah batteri ,3
dont buy min game phone lag muchread ,redmi note pebbl grey ram storag quad camera full hd display month cost emi bfl ,2
plzz read complet inform buy amazonthey refund product got defect amazon worst provid servic option buy flipkart go dont wast time amazonregard mobileworst mobil ever seenbatteri charg time expect batteri draina problem therecamera stuck click pictur poor camera qualiti said mp like game lover plzz tri anoth mobil perform low told amazon custom care take product back help instead want go servic center situat red zone cant provid home visit technician life import custom custom get infect ok thank amazon servic hate amazon tiktok unistal app right also recommend friend relat buy anyth amazon worst read ,redmi note pro interstellar black ram storag latest snapdragon alexa hand free month cost emi ,2
product ship report within afewhour receipt one show inspect despit sever follow up replac refund horribl experi read ,redmi dual sky white ram storag dual camera mah batteri ,3
damag productread ,samsung galaxi blue ram storag cost emi addit exchang offer ,3
updat give chanc regret go ahead icon look great set spherlu icon theam look better dark mode even though mah alway leav phone charg go bed like see phone everi morn turn fast charg option affectbatterymonst batteri day batteri standbi normal amaload full hd superb batteri still look bulki noglass bodi care put back cover opinion dont spend money glass bodi use back camera camera pretti good front camera low light output low mani featur avail slow super slow video os ui one print reader face lock face lock finger print reader perform meant pubg gamer perfect heavi gamer lag ang hang till processor charg fast charg provid charger iy take hrs fulli reacharg accessori earphon back cover screenguard order backcov temper glass place order backbodi plastic amd prone speaker sound level low keep earphon verdict priceit best choic hardcor gamer read ,samsung galaxi midnight blue ram storag ,4
thank samsung amazon time rakshabandhan deliveri reader review unbias written test continu usag ppi great entri level backup awesom thank samsung r even go version cute without pdfs easi comfort eye atleast samsung gut say lag till dont need game regular even without go app nice face lock dont need good qualiti okay speaker music lover dowload music app equil sd card smart memori cleaner use smart manag set day smooth ram function rom support otg camera averag still expect samsung work front wan na beat chines gamer that expect buy ram base phone read print face lock miss manag indian take hour charg work hour call surf that bad issu chines phone lover habit charg play pubg overal buy phone specif must see integr longev overal nice secondari option primari featur phone switcher read ,samsung galaxi core black ram storag cost emi addit exchang offer ,3
honest review honest samsung phone write review use half month verdict base truli improv samsung seri experi test usag build qualiti superior match seri flagship premium classi look strong built budget amount hand small still found inch display good handl well manag one hand use also display fingerprint samsung superamol display truli trust amaz view angl featur widevin l certif enjoy global dolbi theatr experi found reliabl level movi watch without distract due infinit display give full screen ratio fingerprint side much faster expect doesnt take second also open even faceunlock faster batteri main benefit midrang seri maasiv batteri gave enough juic near day continu test camera time seri honest job give us intelli camera mwgapixel singl take featur samsung give advertis made stick samsung brand usag camera high found complaint focus shoot good color satur well bright night shot macro shot r osm depth clariti megapixel develop model complaint processor use half month must say exyno work wonder liquid speed combin ram technolog face lag pubg hight end game medium set good batteri save speed accomplish complaint budget spent sound qualiti use hour found speaker time samsung made much improv bass stereo miss earlier ear deliv ear pure dolbi atmo clear precis crystal clear bass effect bang buck go thank amazon safe deliveri read ,samsung galaxi mirag blue ram storag ,3
phone look absolut top class updat review use fingerprint sensor read ,vivo ocean blue ram storag cost emi addit exchang offer ,4
product ship report within afewhour receipt one show inspect despit sever follow up replac refund horribl experi read ,redmi dual sky white ram storag dual camera mah batteri ,3
camera sound option camera averag qualiti set option less os good overal good phone read ,coolpad cool midnight blue ram storag ,4
updat give chanc regret go ahead icon look great set spherlu icon theam look better dark mode even though mah alway leav phone charg go bed like see phone everi morn turn fast charg option affectbatterymonst batteri day batteri standbi normal amaload full hd superb batteri still look bulki noglass bodi care put back cover opinion dont spend money glass bodi use back camera camera pretti good front camera low light output low mani featur avail slow super slow video os ui one print reader face lock face lock finger print reader perform meant pubg gamer perfect heavi gamer lag ang hang till processor charg fast charg provid charger iy take hrs fulli reacharg accessori earphon back cover screenguard order backcov temper glass place order backbodi plastic amd prone speaker sound level low keep earphon verdict priceit best choic hardcor gamer read ,samsung galaxi raven black ram storag ,4
plzz read complet inform buy amazonthey refund product got defect amazon worst provid servic option buy flipkart go dont wast time amazonregard mobileworst mobil ever seenbatteri charg time expect batteri draina problem therecamera stuck click pictur poor camera qualiti said mp like game lover plzz tri anoth mobil perform low told amazon custom care take product back help instead want go servic center situat red zone cant provid home visit technician life import custom custom get infect ok thank amazon servic hate amazon tiktok unistal app right also recommend friend relat buy anyth amazon worst read ,redmi note pro interstellar black ram storag latest snapdragon alexa hand free month cost emi ,2
brought phone wife die hard fan oppo offer like extra exchang oppo like waww exchang old oppo mobil got phone best phone u want oppo brand name u boar ur old oppo phone review consid good featur consid cost size matter inch speaker good come classic headphon good look decent sound qualiti phone day come quad camera give good qualiti selfi camera also decent consid cost use power bank origin cost huge consid featur good brand like mi vivo moto etc sell camera phone accessori like back cover temper glass yet market may u wait though transpar back cover includ mobil box phone use updat someth come read ,oppo dazzl white ram storag cost emi addit exchang offer ,4
great phone im buy last weak ago oppo featur oppo chang phone featur batteri backup come upto day full charg use mobil data display asumn like oppo cost superb phone buy hang problem ram game rune smoth oppo game space super thank oppo seller great phoneread ,oppo black ram storag cost emi addit exchang offer ,4
dont buyig product third class catergori phone plz guyiz dont buy phone humbl request dread ,itel fieri red ram storag ,3
honest review honest samsung phone write review use half month verdict base truli improv samsung seri experi test usag build qualiti superior match seri flagship premium classi look strong built budget amount hand small still found inch display good handl well manag one hand use also display fingerprint samsung superamol display truli trust amaz view angl featur widevin l certif enjoy global dolbi theatr experi found reliabl level movi watch without distract due infinit display give full screen ratio fingerprint side much faster expect doesnt take second also open even faceunlock faster batteri main benefit midrang seri maasiv batteri gave enough juic near day continu test camera time seri honest job give us intelli camera mwgapixel singl take featur samsung give advertis made stick samsung brand usag camera high found complaint focus shoot good color satur well bright night shot macro shot r osm depth clariti megapixel develop model complaint processor use half month must say exyno work wonder liquid speed combin ram technolog face lag pubg hight end game medium set good batteri save speed accomplish complaint budget spent sound qualiti use hour found speaker time samsung made much improv bass stereo miss earlier ear deliv ear pure dolbi atmo clear precis crystal clear bass effect bang buck go thank amazon safe deliveri read ,samsung galaxi mirag blue ram storag ,3
best camera good batteri life eat bodi materi averag weight best perform best display read ,samsung galaxi ocean blue ram storag ,5
fast chargingno long batterylif headphon somewhat happi disappoint featur read ,vivo fusion black ram storag cost emi addit exchang offer ,3
price high specif perfect price everyth fineread ,nokia android one smartphon quad camera gb ram gb storag charcoal ,4
display line start come use day want return amazon custom servic worst though damag visibl accept return read ,samsung galaxi metal blue ram storag cost emi addit exchang offer ,1
product ship report within afewhour receipt one show inspect despit sever follow up replac refund horribl experi read ,redmi dual sea blue ram storag dual camera mah batteri ,3
awesom mobil price pointread ,vivo electr blue mah fast charg batteri ram storag ,3
phone perform good slow work phone rate smartphon total wast money amazon pls return phone refund money read ,tecno spark pro seab blue ram storag ,3
brought phone wife die hard fan oppo offer like extra exchang oppo like waww exchang old oppo mobil got phone best phone u want oppo brand name u boar ur old oppo phone review consid good featur consid cost size matter inch speaker good come classic headphon good look decent sound qualiti phone day come quad camera give good qualiti selfi camera also decent consid cost use power bank origin cost huge consid featur good brand like mi vivo moto etc sell camera phone accessori like back cover temper glass yet market may u wait though transpar back cover includ mobil box phone use updat someth come read ,oppo dazzl white ram storag cost emi addit exchang offer ,4
happi give two day batteri backup full time data well donetecno team read ,tecno spark ice jadeit ram storag ,4
product fine work well batteri camera qualiti phenomen met expect unfortun amazon promis zero cost emi mislead opt month emi consid zero percent interest hdfc bank charg around interest plus gst etc like take custom ride surpris receiv msg like bank alert amazon rectifi immedi read ,vivo aqua blue ram storag cost emi addit exchang offer ,4
display line start come use day want return amazon custom servic worst though damag visibl accept return read ,samsung galaxi metal blue ram storag cost emi addit exchang offer ,1
honest review honest samsung phone write review use half month verdict base truli improv samsung seri experi test usag build qualiti superior match seri flagship premium classi look strong built budget amount hand small still found inch display good handl well manag one hand use also display fingerprint samsung superamol display truli trust amaz view angl featur widevin l certif enjoy global dolbi theatr experi found reliabl level movi watch without distract due infinit display give full screen ratio fingerprint side much faster expect doesnt take second also open even faceunlock faster batteri main benefit midrang seri maasiv batteri gave enough juic near day continu test camera time seri honest job give us intelli camera mwgapixel singl take featur samsung give advertis made stick samsung brand usag camera high found complaint focus shoot good color satur well bright night shot macro shot r osm depth clariti megapixel develop model complaint processor use half month must say exyno work wonder liquid speed combin ram technolog face lag pubg hight end game medium set good batteri save speed accomplish complaint budget spent sound qualiti use hour found speaker time samsung made much improv bass stereo miss earlier ear deliv ear pure dolbi atmo clear precis crystal clear bass effect bang buck go thank amazon safe deliveri read ,samsung galaxi mirag black ram storag ,3
honest review honest samsung phone write review use half month verdict base truli improv samsung seri experi test usag build qualiti superior match seri flagship premium classi look strong built budget amount hand small still found inch display good handl well manag one hand use also display fingerprint samsung superamol display truli trust amaz view angl featur widevin l certif enjoy global dolbi theatr experi found reliabl level movi watch without distract due infinit display give full screen ratio fingerprint side much faster expect doesnt take second also open even faceunlock faster batteri main benefit midrang seri maasiv batteri gave enough juic near day continu test camera time seri honest job give us intelli camera mwgapixel singl take featur samsung give advertis made stick samsung brand usag camera high found complaint focus shoot good color satur well bright night shot macro shot r osm depth clariti megapixel develop model complaint processor use half month must say exyno work wonder liquid speed combin ram technolog face lag pubg hight end game medium set good batteri save speed accomplish complaint budget spent sound qualiti use hour found speaker time samsung made much improv bass stereo miss earlier ear deliv ear pure dolbi atmo clear precis crystal clear bass effect bang buck go thank amazon safe deliveri read ,samsung galaxi mirag black ram storag ,3
camera qualiti good mention motion camera like phone slow oper even though ram made china read ,redmi midnight black ram storag ,3
best camera good batteri life eat bodi materi averag weight best perform best display read ,samsung galaxi space black ram storag ,5
fast chargingno long batterylif headphon somewhat happi disappoint featur read ,vivo fusion black ram storag cost emi addit exchang offer ,3
best camera good batteri life eat bodi materi averag weight best perform best display read ,samsung galaxi ocean blue ram storag ,5
one best budget phone avail bit sceptic buy compani tecno known india surpris except well made prosbatteri life easili last two daysscreen inch screen view video movi help mother struggl small font read type two sim slot dedic micro sd slotcamera rear tripl camera front camera dual flashandroid go version date android go version seamless useconsram avail intern storag variant compani reconsid expect play high end game pubg lite run minor glitch gameplaysound speaker output qualiti upto mark play video music manag would definit recommend phone look buy someth back phone watch movi web seri thank amazon tecno read ,tecno spark air ocean blue ram storag ,3
lot better phone avail market guess way late launch product time time quad camera hd screen better batteri phone prici current trend read ,oppo blue ram storag cost emi addit exchang offer ,3
batteri get charg read ,vivo ocean blue ram storag cost emi addit exchang offer ,3
plzz read complet inform buy amazonthey refund product got defect amazon worst provid servic option buy flipkart go dont wast time amazonregard mobileworst mobil ever seenbatteri charg time expect batteri draina problem therecamera stuck click pictur poor camera qualiti said mp like game lover plzz tri anoth mobil perform low told amazon custom care take product back help instead want go servic center situat red zone cant provid home visit technician life import custom custom get infect ok thank amazon servic hate amazon tiktok unistal app right also recommend friend relat buy anyth amazon worst read ,redmi note pro glacier white ram storag latest snapdragon alexa hand free month cost emi ,2
start rate featur follow processor display batteri sound loud sound mm cord camera selfi camera back network lack finger print sensor lock back cover box camera qualiti good read ,redmi natur green ram storag ,4
plzz read complet inform buy amazonthey refund product got defect amazon worst provid servic option buy flipkart go dont wast time amazonregard mobileworst mobil ever seenbatteri charg time expect batteri draina problem therecamera stuck click pictur poor camera qualiti said mp like game lover plzz tri anoth mobil perform low told amazon custom care take product back help instead want go servic center situat red zone cant provid home visit technician life import custom custom get infect ok thank amazon servic hate amazon tiktok unistal app right also recommend friend relat buy anyth amazon worst read ,redmi note pro interstellar black ram storag latest snapdragon alexa hand free month cost emi inr exchang ,2
brought phone wife die hard fan oppo offer like extra exchang oppo like waww exchang old oppo mobil got phone best phone u want oppo brand name u boar ur old oppo phone review consid good featur consid cost size matter inch speaker good come classic headphon good look decent sound qualiti phone day come quad camera give good qualiti selfi camera also decent consid cost use power bank origin cost huge consid featur good brand like mi vivo moto etc sell camera phone accessori like back cover temper glass yet market may u wait though transpar back cover includ mobil box phone use updat someth come read ,oppo mirror black ram storag cost emi addit exchang offer ,4
none ,xifo spinup model volt gb dark blue colour ,3
super vivo ,vivo glacier ice ram storag cost emi addit exchang offer ,4
one best budget phone avail bit sceptic buy compani tecno known india surpris except well made prosbatteri life easili last two daysscreen inch screen view video movi help mother struggl small font read type two sim slot dedic micro sd slotcamera rear tripl camera front camera dual flashandroid go version date android go version seamless useconsram avail intern storag variant compani reconsid expect play high end game pubg lite run minor glitch gameplaysound speaker output qualiti upto mark play video music manag would definit recommend phone look buy someth back phone watch movi web seri thank amazon tecno read ,tecno spark air comet black ram storag ,3
lot better phone avail market guess way late launch product time time quad camera hd screen better batteri phone prici current trend read ,oppo black ram storag cost emi addit exchang offer ,3
lot better phone avail market guess way late launch product time time quad camera hd screen better batteri phone prici current trend read ,oppo blue ram storag cost emi addit exchang offer ,3
product ship report within afewhour receipt one show inspect despit sever follow up replac refund horribl experi read ,redmi dual sky white ram storag dual camera mah batteri ,3
camera sound option camera averag qualiti set option less os good overal good phone read ,coolpad cool red ram storag ,4
realli great phone dont think much go honest review read ,samsung galaxi blue ram storag cost emi addit exchang offer ,5
camera qualiti good mention motion camera like phone slow oper even though ram made china read ,redmi midnight black ram storag ,3
damag productread ,samsung galaxi red ram storag cost emi addit exchang offer ,3
none ,ikal smartphon green ,3
honest review honest samsung phone write review use half month verdict base truli improv samsung seri experi test usag build qualiti superior match seri flagship premium classi look strong built budget amount hand small still found inch display good handl well manag one hand use also display fingerprint samsung superamol display truli trust amaz view angl featur widevin l certif enjoy global dolbi theatr experi found reliabl level movi watch without distract due infinit display give full screen ratio fingerprint side much faster expect doesnt take second also open even faceunlock faster batteri main benefit midrang seri maasiv batteri gave enough juic near day continu test camera time seri honest job give us intelli camera mwgapixel singl take featur samsung give advertis made stick samsung brand usag camera high found complaint focus shoot good color satur well bright night shot macro shot r osm depth clariti megapixel develop model complaint processor use half month must say exyno work wonder liquid speed combin ram technolog face lag pubg hight end game medium set good batteri save speed accomplish complaint budget spent sound qualiti use hour found speaker time samsung made much improv bass stereo miss earlier ear deliv ear pure dolbi atmo clear precis crystal clear bass effect bang buck go thank amazon safe deliveri read ,samsung galaxi mirag blue ram storag ,3
plzz read complet inform buy amazonthey refund product got defect amazon worst provid servic option buy flipkart go dont wast time amazonregard mobileworst mobil ever seenbatteri charg time expect batteri draina problem therecamera stuck click pictur poor camera qualiti said mp like game lover plzz tri anoth mobil perform low told amazon custom care take product back help instead want go servic center situat red zone cant provid home visit technician life import custom custom get infect ok thank amazon servic hate amazon tiktok unistal app right also recommend friend relat buy anyth amazon worst read ,redmi note pro interstellar black ram storag latest snapdragon alexa hand free month cost emi inr exchang ,2
none ,coolpad cool storag front pop tripl rear camera ,3
averag phoneth display speed slowtouch work slowcamera good expectednot happi phoneread ,oppo deep blue ram storag cost emi addit exchang offer ,5
batteri get drain quit fast hr half hr usag camera also poor charg slow known though first point troubl read ,redmi midnight black ram storag ,3
best product thnx amazon inread ,oppo mysteri black ram storag cost emi addit exchang offer ,5
one best budget phone avail bit sceptic buy compani tecno known india surpris except well made prosbatteri life easili last two daysscreen inch screen view video movi help mother struggl small font read type two sim slot dedic micro sd slotcamera rear tripl camera front camera dual flashandroid go version date android go version seamless useconsram avail intern storag variant compani reconsid expect play high end game pubg lite run minor glitch gameplaysound speaker output qualiti upto mark play video music manag would definit recommend phone look buy someth back phone watch movi web seri thank amazon tecno read ,tecno spark air comet black ram storag ,3
none ,xifo ismart epic volt inch display smartphon ram storag blue black colour ,3
best camera good batteri life eat bodi materi averag weight best perform best display read ,samsung galaxi ocean blue ram storag ,5
product ship report within afewhour receipt one show inspect despit sever follow up replac refund horribl experi read ,redmi dual sky white ram storag dual camera mah batteri ,3
none ,kall green ,3
thank samsung amazon time rakshabandhan deliveri reader review unbias written test continu usag ppi great entri level backup awesom thank samsung r even go version cute without pdfs easi comfort eye atleast samsung gut say lag till dont need game regular even without go app nice face lock dont need good qualiti okay speaker music lover dowload music app equil sd card smart memori cleaner use smart manag set day smooth ram function rom support otg camera averag still expect samsung work front wan na beat chines gamer that expect buy ram base phone read print face lock miss manag indian take hour charg work hour call surf that bad issu chines phone lover habit charg play pubg overal buy phone specif must see integr longev overal nice secondari option primari featur phone switcher read ,samsung galaxi core red ram storag cost emi addit exchang offer ,3
nice mobil read ,vivo miner blue ram storag cost emi addit exchang offer ,4
money wast product dont buy time wast cheat costum lost thousand rupe dont buy oneread ,ikal mobil ocean blue ,3
lot better phone avail market guess way late launch product time time quad camera hd screen better batteri phone prici current trend read ,oppo blue ram storag cost emi addit exchang offer ,3
realli great phone dont think much go honest review read ,samsung galaxi blue ram storag cost emi addit exchang offer ,5
price high specif perfect price everyth fineread ,nokia android one smartphon quad camera gb ram gb storag cyan ,4
superbread ,mi redmi rubi red ram storag smartphon ,3
havent check sim deliveri day insert sim detect visit servic centr said phone issu need chang pc main board part avail everi altern day call visit answer disappoint amazon provid kind bad productsread ,mi redmi black ram storag ,3
camera sound option camera averag qualiti set option less os good overal good phone read ,coolpad cool midnight blue ram storag samsung evo plus microsdx ,4
price high specif perfect price everyth fineread ,nokia android one smartphon quad camera gb ram gb storag cyan ,4
camera qualiti goodread ,oppo black ram storag cost emi addit exchang offer ,3
okk write review use one day gift mobil mother like lot first let know updat version eluga check pictur post eluga enterpris edit updat android pie wherea normal version android version avail flipkart mobil tray sim slot rather open back cover easili insert sim memori card andha non hybrid sim slot point note sim micro sim nano camera qualiti gud gorgeous front back flash led light side cant expect price rang best thing batteri back mah video run smooth tube increas storag space accord doesnt support quick charg take time charg batteri backup worth verdict would get mani featur fr price worth buy thumb read ,panason eluga ram storag finger print sensor batteri black ,4
best product thnx amazon inread ,oppo mysteri black ram storag cost emi addit exchang offer ,5
camera qualiti good mention motion camera like phone slow oper even though ram made china read ,redmi midnight black ram storag ,3
super vivo ,vivo midnight ocean ram storag cost emi addit exchang offer ,4
good phone wast best great display super port indian price proccesor r u kid want buy term display camera dont buy phone main thing phone requir processor day feel lack averagefing goodyou choos poco wait time samsung redmi proread ,oppo pro magic blue ram storag cost emi addit exchang offer ,4
finger print vast color differ pictur actual match sea blue color piec receiv dark blue colorotherwis good gadget price read ,redmi sea blue ram storag ,3
good phone wast best great display super port indian price proccesor r u kid want buy term display camera dont buy phone main thing phone requir processor day feel lack averagefing goodyou choos poco wait time samsung redmi proread ,oppo pro matt black ram storag cost emi addit exchang offer ,4
bad product dont buy read ,vivo mystic silver ram storag cost emi addit exchang offer ,1
dont buyig product third class catergori phone plz guyiz dont buy phone humbl request dread ,itel dark water ram storag ,3
clean bloatfre oxygeno run smooth amol screen refresh rate realli go along make display batteri life decent last day normal sound qualiti good modest loud drawback design actual fit hand well shorter usual breadth bit length better view game perform averag similar phone rang better game phone look feel premium alert slider make conveni switch differ face unlock fast oneplus phone camera good expect macro len pretti useless main camera lack depth color arent vibrant oneplus bit much beautif selfi shot video record absent perform quit good camera better phone isnt headphon mono speaker bottom right phone tend get cover hand use also one side phone audio isnt well deliv stereo expand memori plastic frame doesnt look like plastic worri thing make phone compar less fingerprint scanner screen isnt quick tradit fingerprint scanner back recommend your look phone deliv high perform smooth interfac daili use go prime purpos game better option avail also your expect flagship camera perform might want consid phone pixel releas that far better probabl updat pixel camera sure much better nord camera read ,oneplus nord gray onyx ram storag ,4
awesom mobil price pointread ,vivo thunder mah fast charg batteri ram storag ,3
good mobil best batteri onc charg day batteri wifi sim camera star ratingbatteri star sim memori card slotcharg take get day backup read ,realm power silver ram storag ,5
none ,coolpad cool storag front pop tripl rear camera ,3
price high specif perfect price everyth fineread ,nokia android one smartphon quad camera gb ram gb storag sand ,4
